<?xml version="1.0" encoding="UTF-8" ?>
<!DOCTYPE mapper PUBLIC "-//mybatis.org//DTD Mapper 3.0//EN"
"http://mybatis.org/dtd/mybatis-3-mapper.dtd">
<mapper namespace="com.richtime.homepage.mapper.HomePageMapper">

	<select id="findInvestsMoney" resultType="float">
		SELECT sum(invest_total_money) FROM t_invest
	</select>
	
	<select id="findLoansMoney" resultType="float">
		select sum(loans_money) from t_loans
	</select>
	
	<select id="findItemNumber" resultType="int">
		select count(*) from t_invest
	</select>
	
	<select id="findUserNumber" resultType="int">
		select count(*) from t_user
	</select>
</mapper>












