<?xml version="1.0" encoding="UTF-8" ?>
<!DOCTYPE mapper PUBLIC "-//mybatis.org//DTD Mapper 3.0//EN"
"http://mybatis.org/dtd/mybatis-3-mapper.dtd">
<mapper namespace="com.richtime.mapper.SecMapper">
	<select id="queryList" resultType="Item">
		select * from t_item where item_status = 2 and now() &lt; item_seckill_stop;
	</select>
	
	<!-- <select id="queryById" parameterType="long" resultType="SecProduct">
		select * from seckill where seckill_id=#{seckillId}
	</select> -->
	
	<update id="updateQuota">
		<!-- update t_item set item_total = item_total - item_quota
		where item_id = #{itemId} and item_total > 0
		and #{date} &lt; item_seckill_stop 
		and #{date} &gt; item_seckill_stop; -->
		update t_item set item_current = item_current + item_quota
		where item_id=#{itemId}
		and item_current &lt; item_total
		and #{date} &lt; item_seckill_stop 
		and #{date} &gt; item_seckill_start;
	</update>
	
	
	
	<select id="querySecItemById" parameterType="String" resultType="Item">
		select * from t_item where item_id = #{itemId};
	</select>
	
	
	<insert id="insertSecInfo" >
		insert into t_seckill_info values(#{userId},#{itemId});
	</insert>
	
	<insert id="insertSecIntoInvest" parameterType="Invest">
		insert into t_invest
		(
		invest_id,
		user_id,
		item_id,
		invest_total_money,
		item_name,
		item_rate,
		invest_date
		)
		values
		(
		#{investId},
		#{userId},
		#{itemId},
		#{investTotalMoney},
		#{itemName},
		#{itemRate},
		#{investDate}
		)
	</insert>
	
	
</mapper>
