<?xml version="1.0" encoding="UTF-8" ?>
<!DOCTYPE mapper PUBLIC "-//mybatis.org//DTD Mapper 3.0//EN"
"http://mybatis.org/dtd/mybatis-3-mapper.dtd">
<mapper namespace="com.richtime.manage.mapper.ItemMapper">
	<insert id="saveItem" parameterType="Item">
	insert into t_item
	(item_id,
	 item_name,
	 item_time,
	 item_rate,
	 item_total,
	 item_current,
	 item_status,
	 item_company,
	 item_location,
	 item_description,
	 item_start_time,
	 item_seckill_start,
	 item_seckill_stop,
	 item_quota) values(
	 #{itemId},
	 #{itemName},
	 #{itemTime},
	 #{itemRate},
	 #{itemTotal},
	 #{itemCurrent},
	 #{itemStatus},
	 #{itemCompany},
	 #{itemLocation},
	 #{itemDescription},
	 #{itemStartTime},
	 #{itemSeckillStart},
	 #{itemSeckillStop},
	 #{itemQuota}
	 )
	</insert>
	
	<select id="queryByPage" resultType="Item">
		select * from t_item limit #{start},#{rows};
	</select>
	
	
	<select id="queryCount" resultType="int">
		select count(*) from t_item;	
	</select>
	
	<update id="updateItem" parameterType="Item">
	update t_item set
	 item_name					=#{itemName},
	 item_time					=#{itemTime},
	 item_rate					=#{itemRate},
	 item_total					=#{itemTotal},
	 item_current				=#{itemCurrent},
	 item_status				=#{itemStatus},
	 item_company				=#{itemCompany},
	 item_location				=#{itemLocation},
	 item_description			=#{itemDescription},
	 item_start_time			=#{itemStartTime},
	 item_seckill_start			=#{itemSeckillStart},
	 item_seckill_stop			=#{itemSeckillStop},
	 item_quota       			=#{itemQuota}
	 where item_id				=#{itemId}
	</update>
	
	<select id="queryById" parameterType="string" resultType="Item">
		select * from t_item where item_id=#{itemId};
	</select>
	<delete id="deleteById" parameterType="string">
	delete  from t_item where item_id=#{itemId};
	</delete>
</mapper> 












