<?xml version="1.0" encoding="UTF-8" ?>
<!DOCTYPE mapper PUBLIC "-//mybatis.org//DTD Mapper 3.0//EN"
"http://mybatis.org/dtd/mybatis-3-mapper.dtd">
<mapper namespace="com.richtime.zzy.mapper.ItemMapper">

	<!-- 项目总数 -->
	<select id="queryCount" resultType="Integer">
		select count(*) from t_item;
	</select>

	<!-- 获取页面分页数据 -->
	<select id="queryByPage" resultType="Item">
		select * from t_item
		where
		item_status = 0 
		limit
		#{start},#{rows};
	</select>

	<!-- 项目详情 -->
	<select id="queryById" parameterType="String" resultType="Item">
		select * from t_item
		where
		item_id = #{itemId};
	</select>

	<update id="addCurrent">
		update t_item set
		item_current = item_current + #{qutoa}
		where 
		item_id = #{itemId};
	</update>

	<select id="queryTotal" parameterType="String" resultType="Float">
		select item_total from t_item
		where item_id = #{itemId};
	</select>

	<select id="queryCurrent" parameterType="String" resultType="Float">
		select item_current from t_item
		where item_id = #{itemId};
	</select>

	<select id="queryQuota" parameterType="String" resultType="Float">
		select item_quota from t_item
		where
		item_id = #{itemId};
	</select>

	<update id="setStatus">
		update t_item set
		item_status = #{status}
		where
		item_id = #{itemId};
	</update>

	<select id="queryStatus" parameterType="String" resultType="Integer">
		select item_status from t_item
		where
		item_id = #{itemId};
	</select>
	
	<!-- 首页ajax请求3条商品 -->
	<select id="getHomePageItems"  resultType="Item">
		select * from t_item
		order by item_start_time DESC limit 3;
	</select>

</mapper> 